course,prof,price
สอนสร้างสื่อวิดิโอ Infographic ด้วย After Effects และ illustrator,โดย อธิยุต สุคนธ์,990
Sketchnote สำหรับวัยทำงาน เทคนิคการจดโน็ตขั้นเซียน เลียนแบบการทำงานของสมอง,โดย อ.ปรียนันท์ ตันติพงษ์วณิช,1890
เขียนเว็บไซต์ HTML CSS JavaScript ตั้งแต่เริ่มต้น ไปจนถึงมืออาชีพ,โดย ชุมพล พูนนฤเสถียร,3450
ตัดต่อภาพเบื้องต้นด้วย Photoshop,โดย อธิยุต สุคนธ์,599
Intro to MAYA เรียนการใช้คำสั่งต่าง ๆ ที่สำคัญใน MAYA,โดย โอฬาร รื่นชื่น,2800
Pre Yourself เทคนิคพิชิตข้อสอบ admission วิชาสังคมศึกษา,โดย ปพน จูน  คิมูระ,0
NITAD เตรียมสอบตรงคณะนิเทศฯ จุฬา,โดย ครูพี่ทาม์ย Topic Academy,3200
ตีแผ่+แฉข้อสอบ TOEIC 3 ชุดเต็ม,โดย อธิสันต์ พิทูรพัฒนกิตติ์ (ครูโดม),2999
ไวยากรณ์ภาษาอังกฤษเพื่อสอบเตรียมทหาร l คอร์สเดียวจบ l ครบทุกเนื้อหา l ทดลองเรียนฟรี,โดย ร.อ.อิศระฯ THAI CADET,3000
การพัฒนางานอย่างต่อเนื่อง วันละนิด ด้วยแนวคิดไคเซ็น Kaizen,โดย ผศ.เธียรชัย พันธ์คง,1290
FREE Superpower OKRs วิธีตั้งเป้าหมายเพื่อวัดผลสู่ความสำเร็จขององค์กร,โดย ชญารัศมิ์ ทรัพยรัตน์,0
Basic to Pro Data Visualization with Tableau,โดย อ.อมรเทพ ทองชิว,4000
Business Planning วางแผนธุรกิจให้ครบและโดนใจอย่างมืออาชีพ,โดย Panupong Pituksung,3000
สอนซ่อมรถมอไซค์ เรียนจบ เปิดร้านซ่อมได้เลย,โดย อัมรินทร์  ใช้ประทุม,999
The Fundamentals of Smart City,โดย Smart City Thailand,0
